5.5847,16.7542,7.8186,1.1169,1.1169
7.2601004,8.93555,5.5847,3.9092999,4.46775
5.2123666,6.329333,4.0954337,7.4463,7.073967
5.30545,10.052475,3.909275,7.26015,5.5847
4.46774,9.15892,3.3508,11.392839,4.46776
4.46775,7.818584,3.3507998,13.217183,4.09545
3.989057,7.6590285,3.3507998,12.9246435,4.148643
3.490425,7.3997374,4.0488877,13.682562,4.048913
3.2267,7.446278,3.5990114,14.272056,4.5918674
3.3508103,6.9250402,5.1379104,12.95654,4.5794606
3.249273,7.5139728,5.3816094,11.778672,4.7723913
2.9785004,8.190908,5.026217,10.890191,5.2124004
2.9212236,8.16227,5.3269315,10.138399,6.1861467
3.2710361,8.057943,5.265565,10.212043,5.8240576
3.7231338,7.7441335,4.9889874,9.978021,5.8081
3.769675,7.399744,4.8866,9.494013,5.9337564
3.876441,6.964465,4.8619647,9.1326475,6.2417355
4.467767,6.5775504,4.840067,8.749384,6.7637057
4.408979,6.348937,4.64411,8.347674,7.9949584
4.2443748,6.1990304,4.970375,8.09783,7.8186007
5.0528283,5.903838,5.0528193,7.8717813,7.7122245
5.0770044,5.737023,5.940091,7.615514,7.5647507
4.856265,5.536148,5.730387,7.3329654,8.692731
4.700458,5.3054748,6.003554,7.306662,8.563229
4.5124397,5.7634234,5.808088,7.1037517,8.890867
4.381842,6.1861453,5.670619,7.0023694,8.63483
4.2195516,6.536185,5.832911,7.0326,8.3150215
4.1087427,7.260128,5.7043753,6.821325,8.057946
4.7758827,7.125324,5.6232176,6.7016516,7.7800856
4.7283797,6.8878126,6.143173,6.7761135,7.5207496
4.683942,6.7016544,6.341342,6.737681,7.6384478
4.6771874,6.4922276,6.212984,7.0856,7.8884096
4.6031485,6.3293386,6.2954845,7.1416574,8.055527
4.6320176,6.143182,6.307432,7.5557823,7.8514504
4.723063,5.9995737,6.701648,7.4037285,7.7228603
4.6539197,6.2052326,6.5465164,7.5083303,7.756544
4.5583243,6.369589,6.3695836,7.848781,7.577095
4.702908,6.5546865,6.348929,7.9067736,7.40709
4.6682386,6.95941,6.3579745,7.7326746,7.2458034
4.8307676,7.232202,6.3944902,7.5393577,7.0646577
5.339522,7.3009896,6.3747387,7.355471,6.892349
5.2921715,7.6058474,6.3293357,7.260122,6.7548385
5.324951,7.974451,6.2081165,7.1432323,6.597749
5.2547,8.478611,6.067023,7.0570407,6.523955
5.3364954,8.315018,6.2548733,6.925038,6.42862
5.2690477,8.449915,6.4102736,6.7987742,6.458837
5.656,8.484013,6.440238,6.6541195,6.345179
5.561435,8.842464,6.585302,6.5387597,6.2129874
5.6302934,8.707596,6.5420876,6.4509053,6.2685485
5.629381,8.533443,6.500602,6.8133435,6.165516
5.584703,8.431823,6.5483446,6.7016487,6.219829
5.5417433,8.312632,6.4868536,6.723129,6.357972
5.458256,8.15579,6.4066086,6.6594996,6.7859445
5.4812827,8.004757,6.515494,6.577544,6.660279
5.4425464,8.143529,6.5188794,6.579801,6.6001067
5.5248675,8.0978365,6.4224157,6.522141,6.8013754
5.623894,8.210511,6.3097415,6.642863,6.721244
5.8928256,8.088207,6.277984,6.7209067,6.6246176
5.84974,8.102568,6.379822,6.7773743,6.5312667
5.7522445,7.9861403,6.3665695,6.8878064,6.664417
5.7861195,7.8552203,6.390373,6.7932014,6.866443
5.963024,7.7465377,6.3233333,6.683634,6.9538617
6.16977,7.676764,6.347068,6.613003,6.8966703
6.1257234,7.6440754,6.562036,6.509675,6.8412657
6.1173997,7.835782,6.6157355,6.4095263,6.7360153
6.2108693,7.9370627,6.5324197,6.3124123,6.820112
6.1515117,8.235369,6.484933,6.2348676,6.7516613
6.1924524,8.327795,6.4059916,6.192455,6.668797
6.1188936,8.547041,6.313151,6.102709,6.7502117
6.047437,8.887675,6.2229633,6.063396,6.685693
5.9622617,8.951276,6.2611675,6.182507,6.5915284
5.879453,8.904517,6.205233,6.515493,6.515492
5.8601155,8.966145,6.1661315,6.487442,6.4568396
5.780925,9.131763,6.173369,6.399774,6.5054297
5.7038455,9.039792,6.1208425,6.6718655,6.5378304
5.628795,8.979633,6.0550013,6.598774,6.789829
5.6862454,8.892027,5.99087,6.5130754,6.9772587
5.656304,8.835305,6.2291,6.4295745,6.973726
5.72609,8.737604,6.4330215,6.4188795,6.8995886
5.7243223,8.684232,6.575998,6.366567,6.813344
5.667441,8.714912,6.5086017,6.549967,6.7292285
5.5983257,8.717602,6.4428487,6.5518174,6.8651047
5.530876,8.639485,6.3786807,6.7420235,6.9977074
5.4783287,8.6829,6.31604,6.8745127,6.967589
5.440159,8.8567,6.2417336,6.8067756,7.030163
5.6496434,8.77969,6.1821423,6.818541,6.9743924
5.661736,8.79432,6.200952,6.868551,6.8942266
5.7116303,8.707077,6.1812577,7.057042,6.8158846
5.660004,8.634344,6.174555,7.2538486,6.789501
5.6591673,8.588049,6.2796955,7.1856604,6.8878093
5.633801,8.628691,6.259784,7.1066966,7.008505
5.5968456,8.777715,6.3010097,7.02945,6.944465
5.596715,8.875493,6.245266,6.977885,6.881803
5.5965877,8.852367,6.202592,7.165065,6.820474
5.5964627,8.876758,6.278389,7.124915,6.7486796
5.5614357,8.830831,6.457321,7.0506973,6.7249207
5.5847054,8.993119,6.4137807,6.9780097,6.667106
5.801255,8.912749,6.3597307,6.9751906,6.5990744
5.8780437,8.8227215,6.2954907,6.9949913,6.679087
6.009143,8.734494,6.321891,6.95855,6.656974
6.0314817,8.63397,6.2883825,7.0143976,6.701652
5.9756355,8.64514,6.310722,7.1819386,6.679313
6.132008,8.633971,6.3218913,7.137261,6.578788
6.0985003,8.611631,6.3330617,7.137261,6.601128
6.087332,8.566954,6.4559264,7.047904,6.645806
6.042653,8.611632,6.57879,6.8580236,6.8021765
6.042653,8.578124,6.634637,6.947379,6.779838
6.053822,8.555784,6.5899596,6.880363,6.8468547
6.0649915,8.566954,6.6011286,6.9250417,6.7910085
6.0985,8.589293,6.4224176,7.1596,6.779838
6.08733,8.466428,6.3554006,7.1931086,6.9808874
6.08733,8.310055,6.3442316,7.2712946,7.170768
6.064991,8.23187,6.2548766,7.461175,7.1707673
6.009144,8.176022,6.221368,7.3606496,7.472342
6.0091443,8.254208,6.2101994,7.293633,7.461173
5.986805,8.388241,6.299555,7.282462,7.438834
5.975636,8.533444,6.4224195,7.2489543,7.382987
5.9309583,8.589291,6.38891,7.2266154,7.461173
5.919789,8.589292,6.38891,7.394157,7.2601233
6.0426526,8.622801,6.277216,7.371819,7.4164953
6.020314,8.801511,6.243707,7.3383107,7.360648
6.053822,8.79034,6.0649962,7.427665,7.3606477
6.28838,8.779172,6.176691,7.416496,7.059073
6.2995496,8.868527,6.199031,7.427665,7.0367346
6.310719,8.946713,6.19903,7.52819,6.891531
6.344228,8.779171,6.210199,7.5170217,7.1037507
6.3553967,8.667477,6.210199,7.6622243,7.1149187
6.344228,8.42175,6.422418,7.7962584,7.10375
6.1208386,8.410581,6.4000793,7.9638004,7.2601223
6.0985,8.4329195,6.266046,7.8856144,7.539358
6.154347,8.42175,6.3218927,7.8521056,7.483511
6.266041,8.488768,6.310723,7.6733947,7.438833
6.2660413,8.499938,6.221368,7.5952086,7.561697
6.2101936,8.511107,6.321893,7.416498,7.628714
6.243702,8.6674795,6.221368,7.4053283,7.6063747
6.26604,8.84619,6.2325377,7.293634,7.51702
6.27721,8.734496,6.2325377,7.1149235,7.6287146
6.1766853,8.611631,6.4335876,7.047906,7.651054
6.1543465,8.399412,6.645807,7.103754,7.6398854
6.076161,8.2207,6.5787897,7.293634,7.8074274
5.975636,8.142514,6.5229425,7.394159,7.9191213
5.9979753,8.086668,6.489434,7.472345,7.9637995
5.953297,7.986143,6.489434,7.6063776,8.053154
5.942127,7.8967876,6.5787883,7.5840387,8.109001
5.8527718,8.097838,6.5787883,7.5728693,8.086662
5.830433,8.019652,6.500603,7.7515807,8.030815
5.595875,7.9973125,6.4335856,7.8744445,8.231866
5.774586,7.8297706,6.310722,7.896784,8.243034
5.886281,7.8186007,6.2883825,7.907953,8.298883
5.9756374,7.8297687,6.33306,7.684564,8.432917
5.964468,7.818599,6.2995515,7.673395,8.645137
5.93096,8.01965,6.3107214,7.6398864,8.566951
5.9533,8.176023,6.3554006,7.6398864,8.310054
5.8974514,8.321225,6.2548747,7.7850904,8.321222
5.897452,8.198361,6.221366,7.7404118,8.432918
5.875113,8.198362,6.388909,7.7069044,8.332393
5.8080964,8.276547,6.4112477,7.617548,8.365901
5.629386,8.298887,6.500602,7.517023,8.533443
5.6852326,8.310057,6.578788,7.416498,8.544613
5.7075715,8.321226,6.7574987,7.293634,8.511103
5.6293855,8.354734,6.690482,7.349483,8.544613
5.573537,8.377074,6.6904817,7.4500074,8.477595
5.5623674,8.399413,6.6122956,7.561702,8.466427
5.5400286,8.488769,6.478263,7.6287193,8.455257
5.6182156,8.310058,6.400077,7.785091,8.455257
5.6964006,8.176023,6.411247,7.974971,8.332394
5.70757,7.919126,6.3777385,8.220699,8.321224
5.629384,7.796262,6.388909,8.20953,8.544613
5.6182156,7.572872,6.5899587,8.220698,8.499935
5.6517243,7.282467,6.7686696,8.187191,8.6116295
5.674063,7.181943,6.7016535,8.041988,8.756832
5.674063,7.43884,6.6904836,7.7739215,8.80151
5.763418,7.427671,6.6681447,7.751582,8.846189
5.808096,7.4500093,6.6346354,7.751582,8.79034
5.8639436,7.595212,6.623466,7.494684,8.857358
5.9756374,7.572873,6.6904836,7.5058546,8.6228
5.90862,7.6287203,6.735162,7.6063795,8.511105
5.897452,7.7627525,6.5117717,7.617548,8.622799
5.7969255,7.7962623,6.3554006,7.8074293,8.633969
5.763418,7.818601,6.187858,7.874445,8.801512
5.7634172,7.718076,6.1766896,7.80743,8.946715
5.886282,7.6287208,6.2772136,7.785091,8.790342
5.9309587,7.6063824,6.5341105,7.59521,8.611632
5.9309597,7.6622286,6.545281,7.550533,8.589293
5.942128,7.517026,6.545281,7.6845665,8.477597
5.7299104,7.517026,6.556451,7.6287193,8.6228
5.6964016,7.4276695,6.6569757,7.517026,8.734494
5.6964016,7.461178,6.824517,7.282467,8.756833
5.763418,7.5505333,6.858025,7.0590777,8.734494
5.7410803,7.539364,6.9697185,7.081417,8.600461
5.7969265,7.4611773,6.9362097,7.092586,8.488767
5.9197903,7.3159747,6.936209,7.092586,8.499937
5.863944,7.148433,7.1595984,7.081416,8.611632
5.8304353,7.103755,7.1484284,7.137262,8.633971
5.875113,7.0255694,7.070243,7.1931095,8.64514
5.908621,6.9808917,6.8580236,7.2489567,8.734495
5.93096,6.7575026,6.8468537,7.4388366,8.768004
5.8862834,6.746333,6.8580236,7.37182,8.924376
5.9644694,6.746333,6.9697175,7.2824645,8.801512
5.785758,6.7575016,6.913871,7.461176,8.81268
5.7075725,6.690485,7.114921,7.4946837,8.779173
5.685233,6.79101,7.304803,7.271295,8.756835
5.5623684,6.8245177,7.349481,7.2712946,8.779174
5.674063,6.690485,7.450006,7.215447,8.768004
5.774588,6.7575026,7.405328,7.0255666,8.83502
5.796927,6.746333,7.282464,7.059076,8.712155
5.875113,6.7239943,7.3048024,7.047906,8.700986
6.1766877,6.712825,7.2712927,6.936211,8.600461
6.232535,6.835689,7.2601237,6.76867,8.566954
6.210196,6.835689,7.271293,6.623467,8.555784
6.444756,6.835689,7.293633,6.6234674,8.343566
6.455924,6.835689,7.315972,6.835687,8.064329
6.567618,6.835689,7.5281916,6.679315,7.896787
6.601126,6.925045,7.5393615,6.8580256,7.584043
6.701651,6.846859,7.606378,6.891534,7.5952125
6.701651,6.8356905,7.6063786,6.8915334,7.5952125
6.7351594,6.835691,7.4723444,6.980889,7.5617046
6.7351594,6.85803,7.5505304,7.1037526,7.338315
6.746329,6.936216,7.718072,7.0032277,7.23779
6.7351594,6.8803673,7.8856144,7.025567,7.059079
6.6011267,6.846859,8.008478,7.036736,7.0702477
6.6458044,6.9027076,7.97497,6.947381,7.059078
6.4224153,7.0814185,7.8744445,7.070245,7.0479097
6.4559236,7.0367413,7.8297668,7.0814137,7.0925875
6.71282,6.802182,7.8297663,6.9920573,7.1260962
6.7351594,6.8133507,7.896783,6.980889,7.0590796
6.72399,6.7910113,7.8409357,7.0032287,7.0702496
6.72399,6.8356905,7.8521056,6.9250426,7.0814185
6.869193,7.0144014,7.8856144,6.7351613,6.9250464
7.081413,7.003231,7.8856144,6.7239923,6.6569786
7.1819377,7.003231,7.7292423,6.7686706,6.7016563
7.2489557,6.9697223,7.718074,6.779839,6.7128267
7.4500055,7.0479083,7.740413,6.8021784,6.4782686
7.483514,7.159603,7.7962604,6.779839,6.4000826
7.4164977,7.0144,7.7850904,6.779839,6.4559307
7.5058527,6.701656,7.8074293,6.835686,6.545286
7.494682,6.712826,7.8744464,7.0479054,6.4670997
7.505851,6.723996,7.863277,7.036736,6.444761
7.6510534,6.7463355,7.639889,6.980888,6.455929
7.6398845,6.9027076,7.651058,6.7910075,6.4447594
7.4946814,6.9250464,7.9414635,6.6904826,6.3442345
7.4611735,6.791013,8.176023,6.5787883,6.4000816
7.5840373,6.6681476,8.2207,6.422417,6.4447594
7.6622233,6.5229464,8.153685,6.4559255,6.5006084
7.7515783,6.411252,8.041989,6.5341115,6.589963
7.8632727,6.4559283,8.008481,6.455926,6.5676246
7.8967805,6.4000816,8.120175,6.400079,6.400083
7.7739177,6.321895,8.109007,6.545282,6.4782686
7.5952067,6.4447594,8.086667,6.5229425,6.5229454
7.5840373,6.534116,7.9973125,6.5341125,6.411251
7.673392,6.5229454,7.9638047,6.76867,6.120845
7.729239,6.2995567,7.930296,6.746331,6.299556
7.7180696,6.2883873,7.863279,6.7239923,6.4670978
7.7404094,6.1878633,7.874448,6.723992,6.511776
7.706901,6.299558,7.9414654,6.7910075,6.411251
7.628715,6.3889146,7.7739234,6.8468547,6.511776
7.762748,6.176694,7.751584,6.824516,6.6346397
7.762748,6.1543555,7.651059,6.8356853,6.5229464
7.896783,6.1655235,7.461178,6.858025,6.511776
7.907952,6.1655235,7.43884,6.891534,6.4112506
7.9861383,6.199033,7.517025,6.8691945,6.23254
7.8967824,6.26605,7.5281944,6.9250417,6.23254
7.7404103,6.4335923,7.5393634,6.925042,6.2213697
7.7404094,6.3330674,7.483515,7.1372614,6.2325397
7.617545,6.377745,7.4723444,7.0367365,6.455929
7.4276643,6.5117793,7.4500055,6.8915343,6.6346397
7.51702,6.522948,7.450006,6.746331,6.7575045
7.6063757,6.534118,7.4388356,6.7351604,6.7575045
7.628715,6.835693,7.2489552,6.7351604,6.7016563
7.5952063,6.90271,7.1037517,6.757499,6.690487
7.5840364,6.9808946,7.114921,6.7686687,6.8021812
7.5952053,6.6904902,7.3606496,6.7351604,6.7798424
7.5281897,6.5676255,7.4611745,6.7239904,6.7798424
7.695731,6.3330674,7.628716,6.7239904,6.746333
7.852103,6.1878643,7.7739186,6.7128215,6.5899615
7.7627482,6.3330684,7.773919,6.6904826,6.7239943
7.7739177,6.277221,7.729241,6.6904836,6.768672
7.762748,6.1096787,7.7069025,6.936211,6.7016554
7.7515783,6.1096783,7.6398854,6.9697194,6.7239943
7.7515783,6.087339,7.7292414,6.947381,6.6234684
7.7627482,6.1096783,7.75158,6.9585505,6.5676203
7.7404094,6.1096787,7.7069035,6.9250407,6.735162
7.773917,6.2325425,7.483515,6.902702,6.76867
7.785088,6.187865,7.517023,6.7686687,6.8691945
7.896783,6.120848,7.561701,6.6234655,7.0814147
7.885613,6.2325425,7.6398864,6.6011267,7.0702457
7.863273,6.2437134,7.6622252,6.6122956,7.092584
7.8632746,6.2883897,7.4611754,6.746329,7.092584
7.896781,6.187865,7.3941593,6.779837,7.081414
7.907951,6.199034,7.148432,6.9697185,7.059075
7.8521047,6.4112535,7.1484327,6.9920573,7.014396
7.729241,6.3665757,7.1372623,7.0032263,7.193107
7.7739186,6.388916,6.9362135,7.0032263,7.293633
7.7739186,6.556456,6.9362125,6.746329,7.2936335
7.6957326,6.7798457,6.8803663,6.6793127,7.293633
7.6622243,6.7910137,6.9362135,6.7910075,7.2377863
7.572868,6.779844,7.0143986,6.835686,7.2154474
7.349479,6.8021827,7.0143986,6.95855,7.215447
7.1484303,6.85803,6.947382,6.9585505,7.4611735
7.1596,6.85803,6.925043,6.8133483,7.684562
7.181939,6.891538,6.679315,6.76867,7.8297663
7.2489557,6.7910132,6.4559264,6.7575016,7.997308
7.2377863,6.835691,6.4782643,6.6793156,8.030816
7.349481,6.791013,6.455926,6.690485,8.019646
7.3494816,6.768674,6.5787897,6.6904845,7.9302907
7.3606505,6.9362154,6.556451,6.723993,7.885613
7.4053288,7.003232,6.444757,6.6011295,7.9749684
7.114923,7.0255713,6.522943,6.6569786,8.109002
7.0479064,7.1260962,6.534112,6.6346393,8.120171
7.047906,7.181943,6.6122975,6.5564528,8.109001
6.880364,7.181943,6.6458073,6.545284,8.109001
6.936212,7.2042823,6.656976,6.3665724,8.176018
6.835687,7.2154503,6.690486,6.3442335,8.231867
6.791009,7.1372643,6.846858,6.154353,8.444086
6.589959,7.1931114,7.0479064,6.120846,8.4552555
6.623467,7.047909,7.036735,6.132015,8.589289
6.5564504,6.9027057,7.0479054,6.344236,8.589289
6.467094,6.958553,6.9920583,6.232541,8.75683
6.4335856,6.925046,6.902703,6.154355,9.013727
6.3218904,7.003231,6.846854,6.1431856,9.136591
6.2772126,7.103757,6.824517,6.143186,9.1254225
6.2548738,7.137264,6.8133473,6.2102013,9.103084
6.288382,7.0814166,6.7910075,6.1431847,9.170099
6.3777385,7.103756,6.7910085,6.0649986,9.114252
6.3218923,7.103756,6.9697185,6.0314913,9.058405
6.467094,7.1037555,6.9250407,6.098507,8.902031
6.56762,7.1484337,6.958549,5.9756427,8.879693
6.5787883,7.114925,6.813346,5.919795,9.024896
6.422416,7.0925865,6.779837,5.9086256,9.237115
6.2437043,7.0925865,6.701651,6.187862,9.259455
6.064994,7.360652,6.7463293,6.1320143,9.170098
5.875113,7.4500074,6.846854,6.120845,9.069573
5.7075715,7.438837,7.0590734,6.087337,9.080742
5.685232,7.3718204,7.0702424,6.0985065,9.09191
5.796927,7.3718204,6.9920564,6.1096773,9.036062
5.685232,7.4053288,7.0925817,6.0873384,8.991385
5.674063,7.394159,7.1595974,5.9533057,9.0695715
5.6964025,7.382989,6.9362087,6.2325416,9.091911
5.5958776,7.528192,6.89153,6.26605,9.11425
5.651725,7.405328,6.88036,6.4670997,8.969048
5.7410803,7.450005,6.7128186,6.5341167,8.957878
5.7299104,7.55053,6.6346326,6.5452857,8.846184
5.5958757,7.7515798,6.5899544,6.5452857,8.868523
5.6628933,7.807427,6.578785,6.5341163,8.756828
5.5958767,7.785087,6.5452766,6.6011333,8.700981
5.6070466,7.6957326,6.5341063,6.5787945,8.801506
5.785758,7.6733937,6.5341063,6.5229464,8.767998
5.8304353,7.662225,6.6793103,6.4894385,8.678642
5.886282,7.528192,6.846852,6.6011324,8.49993
5.875113,7.438836,6.91387,6.601133,8.611626
5.8416047,7.4388356,7.070242,6.377744,8.633965
5.897452,7.450004,7.0814114,6.567624,8.410576
6.187857,7.349479,7.0814114,6.556455,8.209526
6.199027,7.461173,7.047903,6.545285,8.187187
6.500602,7.360648,6.947378,6.478269,8.153678
6.6681437,7.2377844,6.9585485,6.556455,7.974967
6.723991,7.2266154,7.014395,6.65698,7.7962556
6.9250407,7.215447,7.0814123,6.6681495,7.751578
6.723991,7.114921,7.260123,6.701658,7.762748
6.8356867,7.092582,7.226615,6.679319,7.773917
6.9138727,7.0479045,7.2712927,6.7128267,7.7404084
6.980889,6.9697185,7.32714,6.723996,7.6957307
7.059074,6.858023,7.32714,6.6011324,7.840934
7.2042766,7.0590734,7.315971,6.3218966,7.8297644
7.327142,7.226615,7.3048015,6.277219,7.6063757
7.461176,7.1931057,7.3271413,6.23254,7.483512
7.3494806,7.204276,7.3271413,6.187864,7.572868
7.2489557,7.260123,7.36065,6.3442364,7.472344
7.2266164,7.1037507,7.3606496,6.4335923,7.606376
7.2266164,7.31597,7.327142,6.4112535,7.52819
7.2154474,7.51702,7.304803,6.4447627,7.2936316
7.204278,7.6398845,7.047906,6.6458116,7.293632
7.2936335,7.673393,6.9808893,6.6458116,7.31597
7.3271427,7.6845617,6.8356867,6.6681504,7.33831
7.1260924,7.6845613,6.9697204,6.6793194,7.3829875
7.1149225,7.5840364,7.1260924,6.757506,7.2377844
7.114922,7.617544,7.1484313,6.8580303,7.137259
7.193107,7.617544,7.17077,6.835692,7.0367336
7.2489552,7.5728664,7.3048034,6.712828,7.0032244
7.2489552,7.561696,7.3829894,6.7798443,6.9473763
7.4388356,7.5952053,7.382989,6.634641,6.936208
7.4164968,7.8632708,7.3271403,6.623472,6.7574964
7.349479,7.751576,7.2824626,6.66815,7.025564
7.3271403,7.6175427,7.2266154,6.824522,7.1372585
7.3048005,7.606373,7.1931067,6.846861,7.1484265
7.3048005,7.47234,7.1484294,7.081419,7.025564
7.3048005,7.505848,7.0032263,7.081419,6.992056
7.2042756,7.483511,7.036735,6.947386,7.237782
7.1149206,7.6733913,7.0479045,6.8915386,7.2936306
7.1037507,7.8632717,7.047904,6.66815,7.405324
7.0925817,7.6175427,7.047904,6.6346416,7.7068996
7.081412,7.595204,6.969718,6.6234727,7.8297634
7.148428,7.5616956,6.992057,6.7016582,7.6287127
7.1372576,7.3829846,7.1819377,6.8021846,7.606374
7.1372576,7.2377815,7.3829875,6.835692,7.5952053
7.2377825,7.2377815,7.4053264,6.8245225,7.5170183
7.2377825,7.2266126,7.5058513,6.757507,7.5170183
7.2377825,7.2042737,7.4946814,6.813353,7.5505266
7.360647,7.148427,7.5505285,6.8580303,7.304799
7.394156,7.1595974,7.6622233,6.846861,7.092581
7.48351,7.1595974,7.684562,6.9027076,7.047903
7.5281878,7.148427,7.7180715,7.070249,6.8580213
7.5170183,7.070241,7.6733937,7.282469,6.8133435
7.2936296,7.10375,7.572869,7.2824683,6.9026995
7.2712903,7.0590715,7.405328,7.2936378,7.1149187
7.3718166,6.8468523,7.4723444,7.1931124,7.282461
7.2377834,6.768667,7.639887,7.126096,7.4164944
7.2154446,6.8133435,7.5617003,7.1149263,7.3159695
7.3383083,6.7463284,7.5505323,7.0814166,7.3048
7.360647,6.757497,7.4500074,7.0702467,7.4388347
7.438833,6.757497,7.4053288,7.181941,7.3941565
7.3941555,6.7351575,7.6287184,7.1372633,7.3383093
7.405325,6.9808855,7.394159,7.181941,7.28246
7.4276643,7.2601223,7.215448,7.2377887,7.070242
7.4611726,7.1931057,7.0702457,7.3271427,7.0255632
7.461173,7.2377834,6.9697204,7.338312,7.014395
7.461173,7.2377834,6.9250426,7.349481,7.0032244
7.4500036,7.1260896,7.1596007,7.438837,6.8356824
7.5058503,7.092581,7.282465,7.528192,6.5787854
7.6398845,7.1484294,7.2489567,7.5281916,6.4447517
7.6622243,7.0479045,7.2042785,7.550531,6.5341063
7.5840387,6.9920583,7.416498,7.483515,6.556446
7.5505285,7.070243,7.5505314,7.4500074,6.47826
7.405326,7.1260896,7.595209,7.472347,6.5229383
7.3383093,7.1260896,7.5058546,7.6175494,6.534107
7.181937,7.148429,7.5617003,7.5617037,6.5341063
7.114921,7.148429,7.4946837,7.494686,6.6011243
7.1037517,7.338311,7.3941584,7.639889,6.4782605
7.1037517,7.2601247,7.4164977,7.7850924,6.3442273
7.3159704,7.2712946,7.4388366,7.539364,6.3330584
7.416495,7.260125,7.382989,7.5505333,6.321889
7.5840364,7.2266154,7.282464,7.561702,6.400075
7.5616984,7.4053273,7.047906,7.60638,6.422414
7.561698,7.3606486,6.8356867,7.6063795,6.71282
7.4835124,7.3606486,6.902704,7.5840406,6.8468547
7.5058513,7.3271413,6.9808903,7.6510572,6.8356853
7.51702,7.3271413,7.025568,7.5728717,6.8356843
7.5281897,7.3159723,7.3271437,7.2712965,6.8021765
7.561698,7.1484303,7.5058537,7.2601275,6.779837
7.6733913,7.114922,7.673396,7.0702457,6.768668
7.7962556,7.025567,7.561701,7.003229,6.958548
7.807426,6.9250417,7.427667,7.2712955,7.0032253
7.7962575,6.8803654,7.4164977,7.4723454,6.8580227
7.6398854,6.77984,7.6845646,7.461176,6.891532
7.628715,6.723993,7.9638014,7.3271427,6.9250417
7.7515798,6.7351623,7.9638004,7.282465,6.858024
7.550529,6.757501,7.941461,7.293636,7.025567
7.4611735,6.76867,7.8967834,7.1931095,7.036736
7.3829885,6.8245177,7.7850885,7.226619,7.0814137
7.3271413,6.846856,7.75158,7.237788,6.9697185
7.2936335,6.835687,7.773919,7.360653,6.93621
7.304803,6.824518,7.8856134,7.2712975,6.9473805
7.0032277,6.7798405,7.94146,7.3048067,7.237786
6.969718,6.712823,8.109002,7.2042823,7.215446
6.768668,6.8021784,8.153681,7.2266207,7.2042766
6.7686687,6.8021784,8.176019,7.226621,7.2154455
6.5564494,6.8691955,8.220696,7.137265,7.2489543
6.3218913,6.947381,8.198357,7.103757,7.450005
6.3777385,7.159601,8.086664,7.04791,7.4611735
6.3107214,7.260127,7.9637995,7.092588,7.5393596
6.1990275,7.2377872,7.9526305,7.1149263,7.6398845
6.132012,7.215448,7.8856144,7.081417,7.863273
6.132012,7.1707706,7.9973097,7.081417,7.7739177
6.2437053,7.003229,8.030817,7.0814166,7.762748
6.4559245,6.79101,8.053157,7.0702477,7.7627482
6.433585,6.813349,8.041986,7.1260943,7.7627482
6.5117717,6.891535,8.041986,7.1037555,7.5728674
6.623465,6.824519,8.008478,7.047907,7.51702
6.8245153,6.835689,7.9973083,6.969721,7.394157
6.846854,6.601131,7.9973087,6.98089,7.584037
6.9920583,6.321895,8.008478,7.0702453,7.572867
7.0143976,6.1766925,8.008479,6.913873,7.840934
6.8803644,6.143184,7.9973087,7.2266192,7.7515783
6.679313,6.1543536,8.030817,7.3494835,7.729239
6.679313,6.243709,7.8856153,7.438839,7.69573
6.813348,6.254877,7.7069044,7.371822,7.740408
6.947381,6.3442335,7.673396,7.21545,7.7068987
6.936212,6.366573,7.6622267,7.0814166,7.796255
6.9138737,6.4224205,7.5505314,7.1037555,7.796255
6.936212,6.4782677,7.3829894,7.181942,7.796254
6.7463317,6.5006056,7.4276676,7.204281,7.89678
6.6904845,6.556453,7.4276676,7.23779,7.8856106
6.76867,6.62347,7.483515,7.2154512,7.651053
6.8133483,6.723995,7.4946837,7.1260962,7.595206
6.779839,6.768673,7.57287,7.1149254,7.4946814
6.7798395,6.8133507,7.8297668,6.8803673,7.4723425
6.8691955,6.7686725,7.7850885,6.9138756,7.438834
7.1260924,6.701656,7.7515798,6.9473834,7.260123
7.1260924,6.5229445,7.829766,7.081417,7.2489533
7.1819396,6.299556,7.829765,7.260128,7.1595984
7.215448,6.299556,8.053154,7.2936363,6.858023
7.472345,6.2883863,8.053154,7.3048053,6.5452776
7.4946837,6.377742,7.997308,7.226619,6.6458025
7.517023,6.5229445,7.8297663,7.081416,6.813345
7.5505314,6.6569796,7.651055,7.0590773,6.824513
7.5728703,6.701658,7.695733,6.9250445,6.8580217
7.60638,6.8691998,7.550531,6.7798405,6.8580217
7.617548,6.891538,7.7180724,6.6458073,6.679311
7.483515,7.1260967,7.651056,6.712823,6.656972
7.5840397,7.1260962,7.550531,6.679315,6.601124
7.7069035,7.092588,7.528192,6.5676208,6.6234627
7.617549,7.081419,7.4946837,6.656976,6.6569715
7.874446,7.1260967,7.4723444,6.4447575,6.634633
8.16485,7.114927,7.461175,6.4335876,6.5452766
8.231868,7.282469,7.4388347,6.455927,6.3330574
8.276546,7.2936378,7.5728693,6.467096,6.1543465
8.444088,7.3048067,7.4164953,6.467096,5.997975
8.544613,7.4611797,7.4053273,6.411249,5.9868054
8.444088,7.271299,7.4053264,6.4224186,6.2213635
8.488766,7.2042823,7.4164953,6.589961,6.0985
8.343562,7.2042823,7.584037,6.5564528,6.1431775
8.321222,7.2266216,7.3494787,6.7798414,6.143178
8.321222,6.992063,7.528189,6.8021793,6.2101946
8.298883,6.690489,7.7069006,6.8915358,6.243704
8.265375,6.6904883,7.6175447,7.0367393,6.321889
8.209528,6.6681495,7.628715,7.193111,6.310721
8.231869,6.7686744,7.6733923,6.992061,6.33306
8.432919,6.7575045,7.450005,6.9362135,6.366568
8.39941,6.8021827,7.2489543,6.902705,6.4782624
8.466427,6.679319,7.2042766,6.9027057,6.5117707
8.522272,6.645809,7.114922,6.880367,6.5564485
8.600459,6.869197,6.8803644,6.891536,6.53411
8.645137,6.6904864,6.7575,7.1707716,6.522941
8.75683,6.5676227,6.6234655,7.2154503,6.4670935
8.935542,6.5676227,6.5452795,7.0925856,6.455924
8.924373,6.534115,6.444754,7.260127,6.601127
8.913203,6.612302,6.52294,7.3048058,6.5341105
8.924373,6.400081,6.7239904,7.204281,6.511771
8.924373,6.2995563,6.779837,7.3159747,6.444754
8.6898155,6.277217,6.9585485,7.3494844,6.534108
8.80151,6.0203204,7.0702434,7.3494844,6.556448
8.645139,5.9309654,7.315972,7.3941627,6.478262
8.667478,5.685238,7.382989,7.360653,6.6569734
8.924375,5.6852374,7.3718195,7.3494825,6.377737
9.002561,5.8304405,7.3159723,7.382991,6.2325344
9.170102,5.8527794,7.114922,7.2936344,6.2437043
9.237119,6.0761695,6.958549,7.2712965,6.1543484
9.248287,6.109678,6.824516,7.3494825,6.1766872
9.225949,6.1655254,6.6458044,7.427667,6.299551
9.047238,6.3107285,6.500602,7.539362,6.377738
8.82385,6.344237,6.54528,7.539362,6.4782624
8.857357,6.4447613,6.5899587,7.260127,6.5564485
8.969051,6.2883883,6.601127,7.304805,6.5899568
8.969051,6.4112525,6.321891,7.3048053,6.645804
9.013729,6.4000816,6.064994,7.4053297,6.656973
8.77917,6.411252,6.076164,7.539363,6.72399
8.768002,6.4000816,6.2213674,7.628717,6.567618
8.745663,6.388912,6.2101965,7.773919,6.690482
8.756831,6.333066,6.1766887,7.6845646,6.891532
8.689814,6.3218966,6.16552,7.9302917,6.869193
8.723322,6.344236,6.109673,7.8185987,6.9250407
8.779169,6.366575,6.098504,7.706903,6.9250402
8.835018,6.4559298,6.18786,7.718073,6.6681437
8.879696,6.4000826,6.1208434,7.75158,6.7910075
8.790339,6.3218975,6.16552,7.8856134,6.8133464
8.622797,6.433592,6.243706,7.8409357,6.802178
8.633966,6.4112525,6.1543493,8.008478,6.8133473
8.689814,6.5006084,6.098502,8.041986,6.6011267
8.633966,6.4447613,6.0314856,8.231866,6.567619
8.622798,6.4559298,5.9756384,8.354729,6.467094
8.801509,6.467099,5.875114,8.321221,6.4224176
8.846188,6.467099,5.8639436,8.34356,6.3107233
8.768002,6.4112506,5.7634187,8.444085,6.4335866
8.712154,6.344234,5.729911,8.488764,6.545281
8.522274,6.355403,5.718741,8.499931,6.74633
8.410578,6.433589,5.718741,8.578117,6.723992
8.39941,6.4670978,5.72991,8.633965,6.7239923
8.3547325,6.4782667,5.718741,8.689814,6.6793146
8.176022,6.455928,5.8416047,8.678643,6.6681457
8.321224,6.3889103,5.8527737,8.678642,6.5899596
8.2765465,6.5006056,5.852774,8.5557785,6.601129
8.265375,6.511774,5.852774,8.678642,6.4000783
8.243036,6.511774,5.8639436,8.53344,6.534112
8.243036,6.5006037,5.8192663,8.488762,6.712823
8.276546,6.38891,5.6740637,8.566948,6.913873
8.18719,6.4335876,5.7410803,8.667473,6.869195
8.030818,6.3442316,5.908623,8.656303,6.947381
8.064325,6.455927,5.908623,8.566947,6.9808893
8.041987,6.4112487,5.9644704,8.432914,7.1931095
8.109002,6.3442326,5.9868093,8.298882,7.304805
8.287713,6.310725,5.930961,8.32122,7.2377872
8.499933,6.042658,5.9197917,8.388237,7.271295
8.522272,5.99798,5.875114,8.455254,7.282464
8.522271,5.9086246,5.9421306,8.52227,7.204278
8.4552555,5.9086246,5.886285,8.544609,7.092584
8.56695,5.8974547,5.77459,8.544609,7.0925837
8.58929,5.8862853,5.9868107,8.511101,7.036736
8.365901,5.8862853,6.120845,8.488761,7.0814137
8.365901,5.8639464,6.020319,8.388236,7.349481
8.533443,5.863946,6.0538273,8.243033,7.338311
8.6228,5.852777,6.0091486,8.209526,7.3271413
8.555783,5.852777,6.031488,8.231865,7.450005
8.656308,5.763422,6.0426574,8.343559,7.33831
8.633969,5.8080997,6.087335,8.354728,7.1819377
8.578122,5.5735407,6.0873346,8.600456,7.2489552
8.4329195,5.5623717,6.098504,8.645134,7.293633
8.421749,5.4171686,6.1990294,8.667473,7.3829875
8.410581,5.5176935,6.1543517,8.633964,7.4835124
8.488767,5.3389826,6.132013,8.566948,7.5840373
8.354733,5.3501525,6.2325377,8.600456,7.628716
8.120175,5.383661,6.4782653,8.678642,7.5170207
8.097836,5.3948298,6.656976,8.432914,7.6622233
7.9973106,5.36132,6.690484,8.421743,7.662223
7.9414635,5.417167,6.7016544,8.421743,7.651054
7.8967857,5.316642,6.8133483,8.410574,7.6287146
7.773922,5.595878,6.612298,8.421744,7.628715
7.6175494,5.9197927,6.6011286,8.444083,7.5616975
7.5281925,5.75225,6.6122975,8.678641,7.5616975
7.494685,5.7299113,6.6681447,8.846182,7.3606477
7.3718214,5.7857585,6.6681447,8.712149,7.550528
7.4053297,5.796929,6.478265,8.767996,7.5952063
7.517023,5.819267,6.467095,8.645132,7.5952063
7.494684,5.9644694,6.2995534,8.700981,7.561698
7.483516,6.1543493,6.143182,8.566947,7.6398835
7.60638,6.15435,6.143182,8.365897,7.7069006
7.751584,6.1431794,6.1655207,8.187186,7.71807
7.7292438,6.053824,6.2101984,8.097831,7.9302897
7.572872,6.1878576,6.3107233,8.086661,7.9191213
7.5617023,6.1431804,6.411248,8.086661,8.019646
7.360651,6.187858,6.511773,8.187186,7.986137
7.2712965,6.3777394,6.5341125,8.243034,7.852103
7.159603,6.109674,6.545281,8.276544,8.120171
7.3606524,6.087334,6.589959,7.986137,8.142509
7.4388385,6.187859,6.57879,7.907951,8.2206955
7.181942,6.187859,6.5676203,8.109001,8.243033
7.1707726,6.210198,6.5564513,7.94146,8.32122
7.159602,6.36657,6.489435,7.8409343,8.343559
7.1484337,6.4112477,6.500604,7.807426,8.432915
7.159602,6.422416,6.7351637,7.5616984,8.444084
7.2154493,6.4447565,6.589961,7.50585,8.35473
7.0143986,6.467095,6.7016544,7.483511,8.35473
6.969721,6.467095,6.6569767,7.483511,8.477594
6.9138737,6.500603,6.6458063,7.561697,8.332392
6.668147,6.500603,6.7686706,7.6845613,8.332392
6.5229435,6.366569,6.7686706,7.673392,8.56695
6.321893,6.3777385,6.802179,7.7069006,8.689814
6.2772155,6.1543493,6.8915334,7.7515783,8.857355
6.377741,6.1208415,6.779839,7.7069006,8.946711
6.321893,6.1431794,6.813348,7.6063757,9.036066
6.3107243,6.0314846,6.9697194,7.4835114,9.069574
6.522943,6.0985017,6.9250417,7.4835124,8.7903385
6.634638,6.1655183,6.858024,7.5058503,8.678643
6.534113,6.1655183,6.9027033,7.4053264,8.72332
6.545282,6.199026,6.9138722,7.394156,8.767998
6.6681457,6.266043,6.9473805,7.282462,8.801506
6.8915343,6.221365,7.0479054,7.12609,8.71215
6.902704,6.2995515,6.958549,7.0255647,8.790337
6.9027042,6.3218904,7.0255666,6.9138703,8.70098
7.126093,6.3889074,7.036736,6.902701,8.444084
7.1707706,6.377737,7.014397,6.6122956,8.72332
7.1596026,6.400076,7.059073,6.601126,8.712151
7.114925,6.3889055,7.11492,6.6011257,8.712151
7.137262,6.3107195,7.11492,6.578787,8.767998
7.103754,6.277212,7.126089,6.690481,8.689812
7.2712955,6.243704,7.181937,6.5229397,8.712151
7.2936344,6.254874,7.1707673,6.4335847,8.868523
7.382991,6.4447546,7.170767,6.232535,8.835014
7.338312,6.4559236,7.3383083,6.1990266,8.823845
7.3159733,6.299551,7.539357,6.0538244,8.913199
7.248956,6.3107195,7.539358,6.0203166,8.946708
7.1037536,6.455923,7.5170197,6.0873327,8.90203
7.0702453,6.6904817,7.5170197,5.9532995,8.801505
7.2042785,6.7016516,7.5058484,5.897454,8.633965
7.2266173,6.690482,7.5058484,5.8639445,8.656303
7.2042785,6.690482,7.4946804,5.964469,8.589287
7.204278,6.723992,7.4946804,5.863944,8.633965
7.126092,6.578789,7.6622224,5.94213,8.6339655
7.103753,6.5899587,7.69573,6.020316,8.6339655
7.092582,6.5341096,7.6398835,6.199027,8.622795
6.9138713,6.5452795,7.9079504,6.243705,8.466423
6.8133464,6.500602,8.064322,6.3218913,8.444084
6.8021784,6.522941,8.287711,6.254874,8.365897
6.802178,6.53411,8.365896,6.321891,8.243032
6.7686687,6.53411,8.332388,6.3442297,8.12017
6.8691945,6.545279,8.332388,6.277213,8.030815
6.835686,6.4224153,8.231862,6.221366,8.254204
6.835686,6.366568,8.075489,6.1990266,8.488764
6.8915343,6.2213655,8.298879,6.1878576,8.3659
7.081415,6.254874,8.254201,6.1990275,8.14251
7.126093,6.2883825,8.265371,6.210196,8.041985
7.003229,6.433585,8.332388,6.165518,7.94146
6.79101,6.400077,8.4775915,6.0761614,8.030816
6.712825,6.377738,8.622795,5.9868054,8.131341
6.7351637,6.444755,8.622795,5.9979763,8.053154
6.8245177,6.467094,8.600455,6.0649934,8.109002
6.77984,6.6904836,8.432914,6.0761623,8.109002
6.6904845,6.7128224,8.220694,6.266043,8.17602
6.6569757,6.7463307,8.075491,6.4224157,8.198358
6.6346374,6.95855,8.0643215,6.4559255,7.9749694
6.3777404,6.95855,8.187185,6.4894347,8.086664
6.232537,6.9697185,8.176016,6.6569767,8.131343
6.087334,6.969718,8.187186,6.7798405,8.019648
5.852776,6.992057,8.265371,6.858026,8.019648
5.9868107,6.8245153,8.198355,7.025568,8.019648
6.109674,6.8468547,8.187184,6.8468566,8.030817
6.132013,6.846854,8.030812,6.802179,8.243036
6.18786,6.9808874,7.8856106,6.835687,8.17602
6.2101984,6.891532,7.7515764,7.137262,8.097835
6.143182,6.92504,7.7627473,7.3159733,8.041987
6.120843,7.0255647,7.7515764,7.360651,7.9973087
6.120843,7.070243,7.5728664,7.5058546,7.9638014
6.109674,7.2824626,7.438833,7.550533,7.8074293
5.930963,7.315972,7.4388337,7.7515826,7.8856153
5.685235,7.237786,7.483512,8.041988,7.896784
5.58471,7.226617,7.483512,8.041988,7.9973087
5.5400324,7.1260905,7.5728674,8.075497,8.019648
5.7634206,6.8133464,7.695731,8.064325,8.019648
5.9644713,6.7351613,7.8744416,7.852106,7.9973087
6.120843,6.7575,7.8409333,7.818599,7.9638004
6.210199,6.679314,7.8856115,7.840938,7.773921
6.210198,6.7128224,7.907951,7.840938,7.7069044
6.221368,6.757499,7.9079504,7.840938,7.6845655
6.232536,6.6346345,7.907951,7.7627525,7.852107
6.422416,6.53411,7.8967805,7.7850914,7.7627516
6.3218913,6.668143,7.9302897,7.829769,7.6287174
6.1766887,6.73516,8.019645,7.8967867,7.5393615
6.344231,6.880363,7.9749684,7.8967867,7.3048024
6.2995534,6.7463293,8.008476,8.041988,7.3048024
6.4335876,6.712821,7.907951,8.075497,7.260125
6.7575016,6.656973,7.7739177,7.9638014,7.260125
6.9473815,6.3665667,7.9302897,7.896785,7.2601256
7.1819396,6.400075,8.008475,7.829768,6.9808893
7.036736,6.411244,8.164848,7.8521075,6.9697185
6.93621,6.321888,8.198357,7.930293,6.9138727
7.0032268,6.321888,8.198356,7.8632765,6.8915334
7.1484303,6.299548,8.287711,7.9079547,6.6569757
7.2377863,6.0091424,8.265372,7.9414625,6.8691945
7.2489552,6.0314817,8.209525,7.9638014,6.802178
7.427665,6.1320066,7.930289,7.9638004,6.7910075
7.472344,6.1878533,7.896781,8.0196495,6.8580236
7.4611735,6.2101927,7.673392,8.231868,6.8915315
7.461173,6.489428,7.494681,8.187191,6.835683
7.4723425,6.67931,7.5616975,8.109005,6.757497
7.4611726,6.679309,7.4388337,8.321223,6.735158
7.4500036,6.791005,7.416495,8.533442,6.5117683
7.639884,6.8245144,7.4053254,8.555781,6.344227
7.7404094,6.9585485,7.427665,8.5334425,6.1543455
7.673393,6.9697175,7.572868,8.511104,6.042651
7.773917,7.0925813,7.5616984,8.511103,5.830432
7.785086,7.1484284,7.517022,8.656306,5.7299066
7.584036,7.070242,7.528192,8.77917,5.7410765
7.5281878,6.8915315,7.517022,8.835017,5.9421263
7.6510525,6.880362,7.472344,8.700983,6.076161
7.6733923,6.701651,7.673394,8.801508,5.9197884
7.740409,6.7016516,7.6510553,8.812676,5.8192635
7.6733937,6.7128205,7.5505304,8.790338,5.986805
7.684563,6.634634,7.706903,8.779169,5.9197874
7.75158,6.7463284,7.6510553,8.700983,5.964465
7.528191,6.7016506,7.729241,8.734491,6.1320066
7.5505304,6.9138703,7.7627497,8.734491,5.8974495
7.505852,6.9585476,7.7404113,8.745661,5.9197884
7.528191,7.126089,7.584039,8.745661,5.919789
7.5728693,7.2266145,7.4388366,8.823847,5.8639417
7.6845636,7.248953,7.4500055,8.633966,5.841603
7.57287,7.226613,7.595208,8.622797,5.8304334
7.57287,7.0925794,7.4946833,8.700983,5.8862805
7.450005,7.014394,7.617547,8.7121525,5.953297
7.528191,7.047902,7.438836,8.7121525,6.009144
7.572869,7.0479016,7.304803,8.667474,6.154347
7.651055,6.9473767,7.349481,8.622795,6.2772107
7.5952077,6.8245134,7.3494806,8.656305,6.433583
7.5617,6.623463,7.4388366,8.75683,6.4335814
7.4835143,6.623463,7.517022,8.868525,6.444751
7.36065,6.712818,7.517023,8.924374,6.411242
7.438836,6.8245134,7.5728693,8.823849,6.288378
7.438836,6.6234627,7.7069044,8.835018,6.2213607
7.5616994,6.7239876,7.617548,8.712154,6.187853
7.528191,6.7016487,7.7404127,8.600458,6.1543446
7.5170217,6.6122937,7.8409367,8.421748,6.3553953
7.528191,6.601124,7.5840397,8.466426,6.6122923
7.5393596,6.634632,7.4053288,8.39941,6.813342
7.550529,6.802174,7.18194,8.310053,6.9585457
7.5505285,6.9362087,7.059076,8.075495,7.1931043
7.5952067,6.958548,7.137262,7.9749694,7.2489514
7.461173,6.980887,7.4611754,7.863275,7.148426
7.4388337,7.003226,7.5728703,7.930292,6.9250364
7.561698,7.1260896,7.617549,7.9414625,6.6122913
7.6510534,7.271292,7.3941593,7.9414625,6.601123
7.572867,7.2377825,7.360651,8.064326,6.679309
7.4388337,7.1931047,7.3271422,7.9861407,6.969714
7.371817,7.003224,7.595208,7.9749713,6.969714
7.3494782,7.1149178,7.706902,7.9749713,6.8468504
7.31597,7.1260877,7.785088,8.0196495,6.690478
7.2601223,7.070241,7.863274,8.008481,6.735156
7.2489533,7.070241,8.0419855,7.9191236,6.656971
7.2601223,7.047902,8.008477,7.907955,6.7128186
7.2712917,7.047902,8.008476,7.762752,6.6904798
7.6063747,7.0367336,8.008476,7.6063795,6.5564466
7.941458,6.8468533,8.008477,7.539362,6.47826
8.019644,6.8468523,7.852105,7.6287174,6.377735
8.265372,6.8356843,7.6957326,7.472344,6.3330564
8.377068,6.835684,7.807427,7.3271413,6.3107176
8.488762,7.014395,7.7627497,7.13726,6.299549
8.633964,7.0143948,7.785089,6.958549,6.27721
8.678642,7.0367346,7.852106,6.8580236,6.2548723
8.667471,7.226614,7.9079533,6.846854,5.975636
8.7344885,7.070243,7.9414625,6.779837,5.975636
8.902029,7.0367346,7.941461,6.645804,5.9644666
8.924368,6.958548,8.142512,6.489432,5.930958
8.946707,6.8468537,8.18719,6.4782624,5.942127
8.957876,7.1037507,8.131342,6.2660418,5.9421277
9.002554,6.880362,8.086662,6.243704,6.0985
9.192433,6.8356843,8.041985,6.064993,6.1208386
9.48284,6.8356843,7.9749675,5.7745867,6.1766863
9.516349,6.7798367,7.9973063,5.752248,6.1766872
9.628043,6.5899563,7.9191203,5.7075696,6.3218904
9.69506,6.6234646,7.7962575,5.6964,6.3218904
9.7174,6.656973,7.6510553,5.6740613,6.32189
9.572195,6.656973,7.874444,5.528858,6.344229
9.594535,6.6458025,7.885614,5.4841805,6.3553987
9.561026,6.7686663,7.885614,5.372485,6.3553987
9.516348,6.9027004,7.874446,5.204943,6.4559236
9.683889,6.969716,7.852106,5.1379266,6.33306
9.505178,7.0367336,7.9191227,5.1155887,6.4559236
9.505178,6.9362087,7.9079533,5.137927,6.545279
9.516348,6.869191,7.9191227,5.160266,6.601127
9.348805,6.7463284,8.164851,5.160266,6.6346364
9.415823,6.7798367,8.16485,4.9927235,6.623467
9.281789,6.791005,8.16485,5.238452,6.4670935
8.946707,6.8021746,8.176019,5.2943006,6.6904826
8.9913845,6.8245144,7.997308,5.3166394,6.7798376
8.767996,7.1260896,7.907953,5.316639,6.7910066
8.66747,7.2936316,7.7627506,5.2943,6.8803625
8.589284,7.304801,7.818598,5.2272825,6.9473796
8.600454,7.4164953,7.829768,5.0709114,7.0590734
8.600454,7.5952067,7.7627516,4.9927254,7.070243
8.823843,7.5840383,7.79626,4.959217,6.835685
8.969047,7.528191,7.639888,4.9927254,6.9250402
8.823844,7.4611745,7.7180743,4.9927254,7.0479045
8.72332,7.438836,7.829768,5.059741,7.036736
8.745658,7.450005,8.109004,4.858691,6.9920573
8.812675,7.193108,8.164851,4.858691,6.9920583
9.136589,6.9473805,8.053156,4.8475223,7.014397
9.203607,6.95855,8.041987,4.523609,7.260125
9.237115,6.858024,8.064325,4.456593,7.271295
9.080742,6.835686,8.231867,4.400745,7.2712955
9.1477585,6.690482,8.220698,4.378406,7.2936344
9.091911,6.679314,8.243037,4.445423,7.3271422
9.002556,6.467095,8.220698,4.545948,7.517023
9.091913,6.4670954,8.075495,4.423084,7.5840406
9.091913,6.623467,8.064325,4.3002195,7.7404118
8.980219,6.6346364,8.243036,4.367237,7.561702
8.846186,6.6346354,8.421747,4.5124397,7.3941593
8.857355,6.6458044,8.276545,4.434254,7.4835157
8.823847,6.5676184,8.254206,4.423085,7.6063795
8.723322,6.7016535,8.265375,4.467763,7.4500074
8.7121525,6.96972,7.974971,4.4789324,7.494685
8.645136,6.835687,7.874445,4.702321,7.5170245
8.74566,6.8133483,7.852106,4.7469993,7.38299
8.712151,6.601128,8.053156,4.7916775,7.3271437
8.712151,6.511773,7.930292,4.780507,7.494684
8.622797,6.433587,8.019647,4.791677,7.494684
8.511103,6.37774,8.053155,4.746999,7.483515
8.377069,6.511773,8.075495,4.746999,7.4500074
8.421745,6.5341125,8.053155,4.758168,7.416499
8.410576,6.645807,8.075495,4.679982,7.416499
8.432915,6.634638,8.075495,4.668813,7.3718214
8.365898,6.489436,8.16485,4.814016,7.3383136
8.32122,6.690487,8.086664,4.8251853,7.2266197
8.511101,6.7128253,8.041986,4.713491,7.1149244
8.49993,6.679317,8.053155,4.545949,7.282465
8.53344,6.902706,7.95263,4.456593,7.304804
8.466422,7.1707726,7.863275,4.344898,7.3048053
8.365897,7.092586,7.8632746,4.411914,7.4165
8.153678,6.9697223,8.086664,4.411914,7.4500093
8.153678,6.9362125,8.17602,4.367236,7.584044
8.086661,6.9138737,8.332393,4.311389,7.5840435
8.32122,6.9250426,8.220697,4.188525,7.5840435
8.444084,7.1484327,8.053156,4.177356,7.382993
8.544609,7.1707716,8.0419855,4.0768313,7.349485
8.589287,7.070247,8.198358,4.1996946,7.159604
8.589287,6.9920607,8.287712,4.2220335,7.0367403
8.589287,6.8803654,8.343559,4.478931,6.802181
8.533441,6.9027042,8.287713,4.7358284,6.712825
8.522271,7.1149244,8.109003,4.7581673,6.7016554
8.522272,7.1931105,8.019648,4.8140135,6.7239947
8.3770685,7.1931095,8.097834,4.914539,6.757503
8.187189,7.1707706,8.097834,5.0262327,6.858028
8.075493,7.416499,8.097833,4.9257083,6.82452
8.075493,7.539363,8.17602,4.981556,6.6123004
8.109002,7.539363,7.9414606,4.992725,6.7910113
8.198357,7.416499,7.706903,5.10442,6.8021803
8.34356,7.438838,7.4723444,5.182606,6.8803663
8.354731,7.438838,7.38299,5.3054705,6.8356886
8.265374,7.37182,7.2377872,5.495351,6.891536
8.220697,7.1372623,7.237788,5.5400286,7.0925846
8.209527,7.1260924,7.237788,5.5065203,7.360652
8.064323,7.1819396,7.360651,5.5065203,7.338313
7.7515798,7.304804,7.561702,5.528859,7.315974
7.695733,7.4053288,7.572871,5.4395046,7.3941593
7.494682,7.4276676,7.6063795,5.439505,7.561702
7.3718176,7.4500065,7.4835157,5.4506745,7.7404127
7.271293,7.304804,7.6287174,5.4506745,7.874446
7.0255656,7.2936354,7.6287174,5.473013,8.086665
6.902702,7.2489567,7.6063786,5.6182165,8.153682
6.8915334,7.0143986,7.6063786,5.618216,8.444088
6.7575,7.081416,7.6287184,5.6628947,8.421748
6.5676208,7.126094,7.952631,5.4953527,8.399409
6.5341125,7.1596026,7.751581,5.439505,8.633968
6.7128234,7.1484327,7.639887,5.3724885,8.645138
7.025569,6.8245177,7.6287184,5.3836584,8.678646
6.9920597,6.846857,7.6510563,5.4059978,8.723324
6.846858,6.869197,7.673396,5.3948293,8.835019
6.6569767,7.036739,7.7069044,5.4059987,8.835019
6.623468,7.036739,7.561701,5.7075734,8.79034
6.5006046,7.2377887,7.5505314,5.707574,8.700985
6.355402,7.1931105,7.5617,5.796929,8.700985
6.154352,7.2489567,7.6510553,5.852776,8.723323
6.176692,7.2601275,7.4611745,5.9868097,8.712153
6.1655226,7.282467,7.4388347,6.143182,8.689814
6.288387,7.114925,7.483514,6.187859,8.723324
6.3442335,6.913875,7.5616994,6.199029,8.6898155
6.2660475,6.802181,7.6957316,6.199029,8.745664
6.4112506,6.8468585,7.628715,6.1878595,8.600461
6.41125,6.802181,7.807426,6.098504,8.566952
6.4000807,6.791012,7.6845617,6.042657,8.734492
6.5564537,6.7686725,7.416496,6.0203176,8.924372
6.567623,6.8356886,7.3271394,6.0203176,8.924372
6.701658,6.8356876,7.4388347,5.685235,8.935542
6.7239966,7.047908,7.4611735,5.6293874,8.745662
6.6346416,7.0925856,7.5393596,5.6070476,8.700984
6.6904902,6.992061,7.5616984,5.6293864,8.723324
6.936217,6.9362135,7.5170217,5.618218,8.622799
7.2266235,6.936214,7.427666,5.618218,8.555782
7.371826,6.8133497,7.4053273,5.6293864,8.455257
7.2377915,6.6793165,7.6398845,5.6405554,8.455257
6.925047,6.8580275,7.606377,5.819267,8.455257
6.768675,7.059078,7.606377,5.9309607,8.332393
6.7351656,7.137264,7.505852,5.9644694,8.298885
6.7798443,7.103756,7.3829875,5.841605,8.499935
6.757505,7.059078,7.2042766,5.875115,8.6898155
6.712827,7.036739,7.2266154,5.9086237,8.812679
6.500608,7.193111,7.2266154,5.9197927,8.857358
6.66815,7.193111,7.2266154,5.930962,8.667477
6.6458106,7.2824664,7.3271403,5.7857594,8.667477
6.601133,7.4276676,7.2936335,5.7969294,8.667477
6.400083,7.6175475,7.2601237,5.830438,8.723324
6.400083,7.7292414,7.2154455,5.7634196,8.700985
6.45593,7.852105,7.2824626,5.6517267,8.511104
6.45593,7.852105,7.4276667,5.685235,8.432919
6.7239966,7.6845636,7.427666,5.696403,8.332393
6.9027076,7.673394,7.271294,5.6070476,8.410579
7.1484356,7.7515807,7.1260915,5.4618444,8.365901
7.2266216,8.008478,7.0814137,5.428336,8.265376
7.0590806,8.019648,7.2936335,5.473014,8.131343
7.0814185,7.8744435,7.271295,5.6182156,8.198359
7.2936387,7.5952077,7.260125,5.662894,8.198359
7.3829937,7.75158,7.3271422,5.484183,8.086666
7.505859,7.8185973,7.304804,5.3724885,8.075496
7.4723506,7.874446,7.3271427,5.3278112,8.097835
7.46118,7.930293,7.505855,5.316642,7.941463
7.4276714,7.852107,7.4164996,5.316642,8.209529
7.4500103,7.952631,7.3941603,5.2831335,8.254208
7.6957383,7.807428,7.304805,5.283134,8.287716
7.807434,7.8632746,7.0590763,5.2943034,8.321224
7.829773,7.773919,7.0255694,5.5847087,8.131344
7.807434,7.6398854,6.891536,5.5847087,8.432919
7.863281,7.606376,6.8021793,5.495353,8.421748
7.930298,7.4164968,6.8021793,5.7634206,8.298883
7.6957393,7.606376,6.8021793,5.796929,8.343561
7.8967896,7.628715,6.8021793,5.930962,8.008477
7.8632817,7.3941565,6.8021793,6.1543508,7.9973083
7.9861455,7.1819386,6.8133483,6.17669,8.064325
8.1536875,7.34948,6.8133483,6.053825,7.852105
8.198364,7.5393605,6.6011305,6.0426555,7.8632746
8.466432,7.5393596,6.4335895,6.0426564,7.72924
8.511109,7.4500055,6.310725,6.1431813,7.7739177
8.377075,7.416497,6.2660475,6.154351,7.9526286
8.276551,7.226617,6.3554015,6.1766896,7.9749675
8.187196,7.1931086,6.567622,6.187858,7.863273
8.131349,7.38299,6.433589,6.1320105,7.907951
8.198365,7.271294,6.4670973,6.1096716,7.963798
8.410585,7.282464,6.5117755,5.8639445,7.9637976
8.421754,7.4053283,6.4782677,5.774588,7.9414587
8.455262,7.304803,6.3330646,5.9197917,7.941458
8.5669565,7.282464,6.3107257,5.7634196,8.064323
8.611633,7.1931086,6.310726,5.6405554,8.164848
8.611634,7.0925837,6.3107257,5.7969275,8.075492
8.70099,6.858025,6.3107257,5.7410808,8.153678
8.980226,6.7575006,6.2213707,5.6740637,8.0643215
8.957887,6.869195,6.310726,5.6628947,7.8967805
8.868531,7.137262,6.2995563,5.540031,7.986136
8.734498,7.293634,6.310725,5.4171667,7.907951
8.946717,7.304803,6.2660475,5.204948,7.8856115
8.957887,7.3383117,6.355403,5.1714406,7.8409333
8.969056,7.37182,6.623468,5.126763,7.5952067
8.957887,7.461177,6.6569777,5.283134,7.3159704
8.812684,7.461176,6.679317,5.2943044,7.4164953
8.846193,7.3271422,6.534114,5.4059978,7.4500036
8.879701,7.215448,6.679317,5.450675,7.3606477
8.9020405,7.3048024,6.735164,5.5400305,7.1819367
8.9802265,7.3048024,6.8245196,5.6517253,7.0143948
9.002566,7.2601247,6.913875,5.651725,6.91387
8.969056,7.4164968,6.891536,5.6405554,6.791006
9.058412,7.639886,6.858028,5.495352,6.679312
9.103089,7.773919,6.891536,5.4841824,6.4559236
9.091919,7.7180705,6.8468585,5.6293855,6.5117702
9.125427,7.673393,6.534113,5.9309607,6.534109
9.326477,7.639884,6.634638,5.9197917,6.3330593
9.281799,7.6287146,6.712824,5.9086213,6.3107195
9.292969,7.6175456,6.746332,5.897452,6.277211
9.304138,7.7069,6.7575026,5.8416047,6.109671
9.270629,7.8744416,6.7351627,5.8192654,6.087332
9.270629,7.751578,6.8468585,5.808096,6.064993
9.304137,7.751578,6.846858,5.5623674,6.266043
9.460509,7.561697,6.846858,5.5847073,6.3665676
9.326476,7.5840364,6.846858,5.5288606,6.6234646
9.304137,7.5616984,6.7575026,5.540031,6.791006
9.292968,7.7292395,6.712824,5.4059963,6.9027004
9.225951,7.9637976,6.7016544,5.271963,6.9138703
9.114257,8.209525,6.634638,5.1826077,6.8915315
8.991393,8.198355,6.8245177,5.160269,6.835683
8.890868,8.29888,6.869196,5.160269,6.7686663
8.801514,8.287709,6.9362125,5.171438,6.7686663
8.823853,8.332388,6.846858,5.216116,6.701651
8.935546,8.343557,6.846858,5.3278103,6.444754
8.823852,8.332388,6.958553,5.4059963,6.310721
8.779173,8.231863,7.1596026,5.4283357,6.310721
8.779174,8.243032,7.0367384,5.6182146,6.299551
8.790343,8.030813,7.047908,5.863943,6.277211
8.656309,7.9749665,7.1707716,5.942129,6.299551
8.61163,7.840934,7.1707716,6.064993,6.3218904
8.477597,7.729239,7.2377872,6.109671,6.4224153
8.488766,7.7069,7.2712955,6.1208405,6.388907
8.533444,7.7069,7.2824645,6.120841,6.377738
8.745663,7.7069,7.0367365,6.12084,6.4000773
8.7680025,7.7739167,7.059076,5.953299,6.467094
8.801511,7.5840364,7.092584,5.8080964,6.612298
8.801511,7.4835114,7.126092,5.863943,6.56762
8.734494,7.4835114,7.3271422,5.919791,6.2995524
8.745664,7.5505285,7.2712965,5.9086223,6.14318
8.723324,7.5728664,7.1931095,5.9756384,6.1543508
8.60046,7.51702,7.37182,6.0091467,6.1431813
8.365901,7.561698,7.4835134,6.0761633,6.132012
8.377071,7.5616984,7.371818,6.0873327,6.2101984
8.38824,7.5170217,7.193107,6.076163,6.444756
8.38824,7.382989,7.1260915,6.154349,6.36657
8.365901,7.483514,7.003228,6.176688,6.36657
8.310054,7.472343,6.936211,6.366568,6.37774
8.321223,7.3941565,6.9697185,6.388907,6.388908
8.17602,7.4053264,7.0255675,6.433585,6.344231
8.164851,7.4053264,7.014397,6.4224157,6.4000793
8.220698,7.3606486,6.980888,6.444755,6.4000793
8.153682,7.1260915,7.159599,6.455924,6.422418
8.220697,7.2489557,6.969718,6.500601,6.444757
8.287714,7.2601247,7.092582,6.344229,6.38891
8.086664,7.293633,7.2042775,6.2883825,6.478266
8.1201725,7.159599,7.1596,6.3777375,6.545284
7.9749694,7.170768,7.1149206,6.3777375,6.5787916
8.231867,7.11492,6.8580236,6.377737,6.6793156
8.265375,7.081412,6.712821,6.433584,6.6569767
8.254207,7.070242,6.880362,6.4447536,6.4447584
8.231868,6.947378,7.0590725,6.455923,6.5229445
8.041987,7.0814123,7.059073,6.4447536,6.6346397
7.9414625,7.014395,7.2042756,6.4335833,6.6346397
7.907954,7.0032263,7.215445,6.1878557,6.846859
7.907954,7.237785,7.260123,6.1990247,6.6011305
7.829768,7.4164968,7.248954,6.1431775,6.7351646
7.79626,7.472343,7.2601223,5.8639417,6.980892
7.8074293,7.5617,7.260123,5.830434,6.8915377
7.818599,7.651055,7.304801,5.70757,6.8803687
7.829768,7.896781,7.3159695,5.461842,6.8580284
7.7850895,7.885612,7.5170197,5.405995,6.7575045
7.639887,7.818595,7.584037,5.4730115,6.802182
7.6063776,7.9191203,7.539359,5.495351,6.7575035
7.3941593,8.109001,7.472342,5.6405544,6.7575035
7.304803,8.231865,7.371817,5.785757,6.712826
7.2712946,8.265373,7.5281887,5.785757,6.578792
7.3829894,8.254204,7.550528,5.796927,6.6346393
7.606378,8.276543,7.360647,5.8527746,6.5452843
7.7627506,8.153679,7.382986,5.7969275,6.511777
7.751581,8.265373,7.28246,5.830436,6.4782686
7.561701,8.377068,7.1931047,5.8639445,6.623472
7.5505314,8.209526,7.2154436,5.796928,6.8133526
7.5170245,8.164848,7.2266126,5.6405544,7.0590816
7.4053297,8.32122,7.2042737,5.618216,7.070251
7.3718204,8.310051,7.1037493,5.618216,7.1819453
7.394159,8.287712,7.2601223,5.405997,7.237793
7.382989,8.365898,7.3606477,5.417166,7.159607
7.1596,8.432915,7.416495,5.4953527,7.1931157
7.3383107,8.343559,7.248953,5.5958776,7.2154546
7.528191,8.064323,7.2377834,5.6628947,7.226623
7.528191,7.963799,7.271292,5.8527746,7.2154527
7.293633,7.941459,7.394156,5.8974524,7.271301
7.271294,7.896781,7.5170197,5.763418,7.2824707
7.2266154,7.9302897,7.260123,5.9309607,7.271301
7.2154455,7.986137,7.215445,5.9756384,7.226623
7.204276,7.91912,7.1372595,5.9979777,7.327148
7.181937,7.907951,7.382987,5.8974524,7.3159785
7.159599,8.109001,7.2601233,5.7969275,7.3048096
7.12609,8.030815,7.33831,5.785757,7.3048096
7.0143948,8.097832,7.360648,5.6852326,7.4165053
7.047904,8.310051,7.0925813,5.674063,7.483522
7.2042766,8.164848,7.081412,5.785758,7.450014
7.0814123,7.9526296,7.0590734,6.031486,7.5170302
7.204276,7.974969,6.969718,6.0649943,7.4500136
7.215446,7.9861383,6.9808874,5.8751135,7.584047
7.2042766,7.986138,7.2936335,5.5735383,7.584046
7.0032268,7.997308,7.5170207,5.5847073,7.539368
6.8803625,8.030817,7.5393605,5.685231,7.5281997
6.723991,8.0419855,7.5281916,5.685231,7.662233
7.047904,7.95263,7.4835124,5.685231,7.617554
7.114921,7.785089,7.4835124,5.93096,7.427673
7.0143957,7.729242,7.3494787,5.9309597,7.706909
6.9808874,7.7180724,7.494682,6.0538244,7.49469
6.824516,7.718073,7.6510553,6.187858,7.3494873
6.8133454,7.6957335,7.684564,6.1766887,7.382997
7.036735,7.639886,7.7627497,6.1320105,7.204285
7.0255647,7.405328,8.030817,6.2213664,7.0814214
6.992057,7.1819396,8.008477,6.1990275,7.3383174
6.9808865,7.181939,8.019646,6.2101965,7.382994
6.992057,7.293634,7.762749,6.2101965,7.4946895
7.10375,7.293634,7.5840387,6.2101965,7.5840454
7.047902,7.327144,7.5170217,6.2437053,7.7180786
7.014393,7.282466,7.450005,6.254876,7.9079595
6.9026995,7.4053307,7.438834,6.3107233,7.8856206
6.969717,7.5505333,7.304801,6.2660456,7.7850957
7.0590725,7.572873,7.014397,6.4335876,7.7627563
6.9585476,7.6622276,7.0814137,6.3889103,7.7515874
7.0590725,7.662227,7.0479054,6.333063,7.751587
7.047904,7.785091,6.8580236,6.377741,7.7627563
7.036734,7.79626,6.8468537,6.4335876,7.7627563
7.014395,7.829768,6.7574983,6.534113,7.8074346
6.71282,7.8521075,6.7463293,6.6793156,7.9638066
6.455923,7.9749713,6.757499,6.7575016,7.9861455
6.210194,7.9414625,6.824517,6.913875,8.041992
6.4670916,7.695734,6.869195,6.902706,7.9861436
6.467093,7.7069044,7.0255666,6.858028,7.8521094
6.489432,7.7069044,7.014398,6.768672,7.8409405
6.489432,7.718074,6.835687,6.7239933,8.053161
6.6904817,7.639888,6.7910085,6.7016544,8.109008
6.7016506,7.718074,7.003228,6.6011295,7.8967876
6.8021755,7.79626,6.858026,6.5676203,7.8297706
6.91387,7.840936,6.8915343,6.467096,7.796262
6.9250383,7.7627506,6.9362125,6.4559264,7.7069054
6.9138703,7.6175475,7.1149235,6.5341125,7.5058565
6.91387,7.57287,7.1149244,6.712824,7.5058565
6.9027014,7.5728703,7.081416,6.824519,7.494687
6.9138703,7.494684,7.304805,6.7463336,7.4835167
6.8580236,7.494684,7.349483,6.7575016,7.472348
6.846854,7.4723454,7.4723463,6.768672,7.43884
6.7016516,7.4723454,7.528194,6.9585514,7.2936363
6.4894304,7.438837,7.6287193,6.9362125,7.461179
6.545277,7.4053297,7.4611773,6.925044,7.695737
6.5899553,7.2712965,7.494687,6.835689,7.718075
6.556448,7.260127,7.517025,6.869198,7.729245
6.7016506,7.237788,7.4053307,7.0479097,7.5840416
6.690481,7.2377872,7.3941603,6.9697237,7.639889
6.8021755,7.181941,7.38299,7.103757,7.595211
6.735158,7.2042804,7.4500065,7.1707735,7.4723473
6.701649,7.248958,7.416498,7.1707735,7.6063805
6.8133435,7.282468,7.2377872,7.1484337,7.751584
6.936208,7.2712984,7.20428,7.137265,7.6398897
6.9027004,7.2489586,7.3159747,7.1484337,7.561704
6.791005,7.248958,7.159601,7.260128,7.740415
6.7910047,7.248958,7.159601,7.2266192,7.8074327
6.869191,7.036739,7.1149235,7.3829927,7.7515855
6.9362087,6.9920616,7.2042785,7.394162,7.617551
7.025564,6.925045,7.4053288,7.394162,7.427669
7.09258,6.6234703,7.5058537,7.4276705,7.550533
6.9026995,6.589962,7.6287174,7.517026,7.561702
6.9250383,6.4782686,7.8074284,7.5393653,7.550533
6.8580227,6.411251,7.77392,7.5170264,7.7515826
6.958548,6.310726,7.7850895,7.4723487,7.7180743
6.9697175,5.997982,8.041986,7.472348,7.7404137
6.913869,5.819271,8.276545,7.3383136,7.852108
6.9027004,5.707576,8.466425,7.103754,8.041988
6.9026995,5.674068,8.343561,7.081415,8.276547
6.869191,5.8639483,8.231868,7.047908,8.23187
6.712819,6.0426593,8.220698,7.0367374,8.220699
6.5676155,6.009151,8.421749,7.00323,8.265378
6.522938,6.0426593,8.589289,6.9585514,8.19836
6.5676155,5.897456,8.890864,6.902705,8.041989
6.668141,5.908626,8.913203,6.9697204,7.8409395
6.902699,5.8304396,8.957881,6.9585514,7.6622286
6.9138684,5.607051,9.114253,7.1372623,7.505855
6.902699,5.707575,9.214778,7.2712955,7.248958
6.813344,5.964472,9.091914,7.2489576,7.1931105
6.9920545,5.897455,9.013728,7.2489576,7.1596003
7.070241,5.8304396,9.002559,7.3048053,7.126092
6.88036,6.020321,9.147761,7.2154484,7.0814137
6.6904798,6.0426593,9.203609,7.338311,7.025567
6.679311,5.9533033,9.192439,7.461175,7.0255666
6.7798357,6.0649977,9.080745,7.4053283,7.047906
6.8915296,6.1431837,8.857356,7.382989,7.047906
6.9808855,6.120844,8.99139,7.2154474,7.0814147
6.980885,6.0538273,9.024899,7.0032277,7.2712946
6.947378,6.266048,9.091914,6.9585485,7.103753
7.1260896,6.355403,8.868525,6.9250407,7.103753
7.204275,6.2213707,8.823846,6.9250407,7.304803
7.1819363,6.1990314,8.633966,6.9250402,7.5393615
7.2154446,6.2325397,8.488763,6.93621,7.5728693
7.1819353,6.03149,8.499933,7.2266154,7.4835134
7.025563,6.1208453,8.589288,7.2154455,7.4388347
7.014394,6.1096754,8.779167,7.1372595,7.394158
6.9026995,5.986812,8.835014,7.2266164,7.450006
6.8803596,5.9644732,9.069572,7.293633,7.248956
6.86919,5.9644732,9.047234,7.293633,7.248956
6.891529,5.9756427,8.94671,7.304803,7.260125
6.858021,6.0203204,8.980218,7.2154474,7.3271422
6.67931,6.0203204,8.991387,7.3718204,7.360651
6.344227,6.0203204,9.14776,7.3829894,7.5505314
6.266041,6.042659,9.449335,7.137262,7.561702
6.355397,6.0649977,9.538692,7.1819396,7.2377872
6.4112444,6.210201,9.415827,7.0479064,7.215448
6.556448,6.2213717,9.426996,6.891534,7.2377872
6.645804,6.2325416,9.393487,7.081414,6.958551
6.4335847,6.2437115,9.3041315,7.193107,6.9808903
6.601126,6.243711,9.036064,7.260125,7.003229
6.768668,6.1990333,9.2259445,7.2489552,6.746332
6.824517,5.964475,9.3823185,7.3271403,6.668146
6.824516,6.1096773,9.393488,7.349479,6.589959
6.7351613,6.210202,9.482843,7.3606477,6.455926
6.7351604,6.0091515,9.739739,7.3383093,6.344232
6.723992,5.997983,9.717401,7.450003,6.132013
6.880363,5.9086275,9.851436,7.2489533,6.109674
6.824517,5.897458,9.918453,7.226614,6.210199
6.95855,5.9421363,9.929623,7.0367327,6.243707
6.9362116,5.986814,9.873774,6.913869,6.4000793
6.824517,5.975644,9.884943,6.757497,6.3889093
6.824517,5.863949,9.873774,6.656972,6.6458063
6.813348,5.7745943,9.884944,6.6234646,6.7239923
6.9250417,5.8081026,9.884944,6.5229397,6.5899577
6.9473815,5.997982,9.862604,6.366566,6.489433
7.0143986,5.919796,9.862605,6.2883806,6.556449
7.0367384,5.9309664,9.929623,6.2772107,6.489433
6.869196,6.132016,9.929623,6.2772107,6.4894323
6.9920607,6.232541,9.795589,6.277211,6.4782634
6.969721,6.3218956,9.762081,6.5229397,6.4335856
6.969721,6.467099,9.750911,6.5117693,6.232536
6.9138737,6.489438,9.896114,6.534108,6.14318
6.980891,6.4000816,9.78442,6.5341077,6.1766887
6.8915358,6.254879,10.052486,6.534108,6.1878576
6.7910094,6.4224215,9.929622,6.5452766,6.187857
6.7575016,6.4224215,9.896114,6.791003,6.187857
6.79101,6.444761,9.728571,6.7239876,6.176688
6.880365,6.6569805,9.706233,6.433583,6.1990285
7.036737,6.6346416,9.661555,6.299548,6.2213674
7.1707716,6.723997,9.438166,6.1990232,6.232537
7.2489576,6.8580317,9.214777,6.1878552,6.254876
7.137262,6.913878,9.024897,6.388903,6.321893
7.315973,7.070251,8.969049,6.1655145,6.3218927
7.4500074,7.0814195,8.924373,6.1543455,6.232537
7.360652,7.081419,8.96905,6.221363,6.1990294
7.204279,7.193113,8.913202,6.3553963,6.299555
7.081416,7.2377906,8.868525,6.4894295,6.277215
6.9697204,7.26013,8.868524,6.578784,6.2660456
6.8915358,7.327146,9.069573,6.5899534,6.15435
6.6904845,7.651059,9.080744,6.4335814,6.1431813
6.5006056,7.7962623,9.069574,6.3889036,6.210198
6.489436,7.896787,9.181269,6.3553963,6.0426574
6.4447575,7.8744483,9.34881,6.4447517,5.830437
6.333063,7.9638023,9.214777,6.45592,5.8639464
6.3107243,8.041989,9.114252,6.556446,5.8080974
6.3442326,8.142513,9.125422,6.6458015,5.6070476
6.3889112,8.176022,9.147762,6.6681404,5.4283366
6.5229435,8.153683,9.237117,6.500598,5.4618464
6.4670954,7.986141,9.225947,6.5564466,5.540032
6.5452814,8.053159,9.158932,6.5676155,5.484185
6.556452,8.053158,9.270626,6.5676155,5.361321
6.5452824,8.030819,9.281795,6.4894295,5.439507
6.5229435,8.0978365,9.225948,6.4670897,5.4506764
6.6122985,8.120175,9.2817955,6.4670906,5.2719646
6.5229435,8.120175,9.393489,6.455921,5.2607946
6.522943,8.164853,9.225946,6.45592,5.2384553
6.623468,8.231869,9.013727,6.467091,5.1155925
6.6346374,8.41058,8.857355,6.601125,4.925712
6.5676208,8.466427,8.846186,6.757497,4.713494
6.5117736,8.332394,8.846186,6.835683,4.8363576
6.467096,8.164853,9.013727,6.813345,4.8363576
6.601131,8.109005,8.957878,6.813345,4.7805095
6.925044,7.9526324,8.801507,6.824513,4.7805095
6.8803663,7.9414635,8.511102,7.1595964,4.7805095
6.79101,8.041988,8.589288,7.0590706,4.8028483
6.6011295,8.030819,8.75683,7.0925794,4.747001
6.601129,8.064327,8.667476,7.126087,4.7581706
6.6011295,7.941463,8.700985,7.0032234,4.959221
6.746333,7.684566,8.734493,6.9808836,5.015069
6.511776,7.673397,8.779171,7.0367303,5.171442
6.6569786,7.6510577,8.745661,6.913866,5.193782
6.7016563,7.5617023,8.58929,6.9362054,5.20495
7.003231,7.584041,8.5334425,6.7574944,5.2161207
7.159603,7.673397,8.511103,6.433581,5.327815
7.070247,7.7627525,8.645137,6.400073,5.2607975
6.969722,7.79626,8.656307,6.6234617,5.2384586
6.936214,7.8632765,8.544612,6.6346307,5.372492
7.0814166,7.7850895,8.633968,6.7239876,5.2049513
7.092586,7.7404113,8.700985,6.735156,5.171443
7.0367393,7.6622252,8.734493,6.7574944,5.22729
6.936214,7.5952086,8.913203,6.7686644,5.1267653
7.1931105,7.617548,8.935543,6.6904783,4.914546
7.1707716,7.76275,8.957882,6.6681395,4.780513
7.193111,7.76275,8.969051,6.400074,4.9927325
7.2266197,7.7627497,9.091915,6.2883797,5.0039024
7.394162,7.8521056,8.913205,6.1766844,4.9815636
7.4276705,7.840936,8.879697,6.1543465,5.070919
7.5281944,7.8521056,8.700986,6.187854,5.0597496
7.7515845,7.8632746,8.455257,6.199024,5.0374107
7.807431,7.8521056,8.377071,6.2325315,5.048581
7.941465,7.7850885,8.3547325,6.221362,5.048581
8.064328,7.8297668,8.332394,6.076159,5.0709186
8.0978365,7.874445,8.164851,6.1543446,4.9592247
8.109006,8.153681,7.8632755,6.1655135,4.9592247
8.008481,8.2765465,7.76275,6.1320057,5.1491046
7.9638023,8.153682,7.9861393,6.087328,5.2161207
